Alert_Name,Timestamp,GPS_Lat,GPS_Lon,Camera_Source,Details
HIGH_TEMPERATURE,2026-04-07 23:38:50,NO_FIX,NO_FIX,temperature_sensor,53.0°C > threshold 18.0°C
HIGH_TEMPERATURE,2026-04-07 23:38:57,NO_FIX,NO_FIX,temperature_sensor,53.0°C > threshold 18.0°C
HIGH_TEMPERATURE,2026-04-07 23:39:03,NO_FIX,NO_FIX,temperature_sensor,52.8°C > threshold 18.0°C
HIGH_TEMPERATURE,2026-04-07 23:39:09,NO_FIX,NO_FIX,temperature_sensor,52.4°C > threshold 18.0°C
HIGH_TEMPERATURE,2026-04-07 23:39:16,NO_FIX,NO_FIX,temperature_sensor,52.1°C > threshold 18.0°C
HIGH_TEMPERATURE,2026-04-07 23:39:22,NO_FIX,NO_FIX,temperature_sensor,52.3°C > threshold 18.0°C
HIGH_TEMPERATURE,2026-04-07 23:39:28,NO_FIX,NO_FIX,temperature_sensor,52.4°C > threshold 18.0°C
HIGH_TEMPERATURE,2026-04-07 23:39:34,NO_FIX,NO_FIX,temperature_sensor,52.3°C > threshold 18.0°C
HIGH_TEMPERATURE,2026-04-07 23:39:41,NO_FIX,NO_FIX,temperature_sensor,52.2°C > threshold 18.0°C
HIGH_TEMPERATURE,2026-04-07 23:39:47,NO_FIX,NO_FIX,temperature_sensor,52.1°C > threshold 18.0°C
HIGH_TEMPERATURE,2026-04-07 23:40:31,NO_FIX,NO_FIX,temperature_sensor,51.9°C > threshold 18.0°C
HIGH_TEMPERATURE,2026-04-07 23:40:37,NO_FIX,NO_FIX,temperature_sensor,51.7°C > threshold 18.0°C
HIGH_TEMPERATURE,2026-04-07 23:40:43,NO_FIX,NO_FIX,temperature_sensor,51.5°C > threshold 18.0°C
HIGH_TEMPERATURE,2026-04-07 23:42:40,NO_FIX,NO_FIX,temperature_sensor,51.2°C > threshold 18.0°C
HIGH_TEMPERATURE,2026-04-07 23:42:46,NO_FIX,NO_FIX,temperature_sensor,51.4°C > threshold 18.0°C
HIGH_TEMPERATURE,2026-04-07 23:42:52,NO_FIX,NO_FIX,temperature_sensor,50.9°C > threshold 18.0°C
HIGH_TEMPERATURE,2026-04-07 23:42:59,NO_FIX,NO_FIX,temperature_sensor,51.3°C > threshold 18.0°C
HIGH_TEMPERATURE,2026-04-07 23:43:05,NO_FIX,NO_FIX,temperature_sensor,51.2°C > threshold 18.0°C
HIGH_TEMPERATURE,2026-04-07 23:43:11,NO_FIX,NO_FIX,temperature_sensor,51.5°C > threshold 18.0°C
HIGH_TEMPERATURE,2026-04-07 23:43:17,NO_FIX,NO_FIX,temperature_sensor,51.9°C > threshold 18.0°C
HIGH_TEMPERATURE,2026-04-07 23:43:24,NO_FIX,NO_FIX,temperature_sensor,51.9°C > threshold 18.0°C
HIGH_TEMPERATURE,2026-04-07 23:43:30,NO_FIX,NO_FIX,temperature_sensor,51.1°C > threshold 18.0°C
HIGH_TEMPERATURE,2026-04-07 23:50:09,NO_FIX,NO_FIX,temperature_sensor,50.6°C > threshold 18.0°C
HIGH_TEMPERATURE,2026-04-07 23:50:15,NO_FIX,NO_FIX,temperature_sensor,50.1°C > threshold 18.0°C
HIGH_TEMPERATURE,2026-04-07 23:50:22,NO_FIX,NO_FIX,temperature_sensor,50.2°C > threshold 18.0°C
HIGH_TEMPERATURE,2026-04-07 23:50:28,NO_FIX,NO_FIX,temperature_sensor,50.1°C > threshold 18.0°C
HIGH_TEMPERATURE,2026-04-07 23:50:34,NO_FIX,NO_FIX,temperature_sensor,50.2°C > threshold 18.0°C
HIGH_TEMPERATURE,2026-04-07 23:50:40,NO_FIX,NO_FIX,temperature_sensor,50.5°C > threshold 18.0°C
HIGH_TEMPERATURE,2026-04-07 23:50:47,NO_FIX,NO_FIX,temperature_sensor,50.7°C > threshold 18.0°C
HIGH_TEMPERATURE,2026-04-07 23:50:53,NO_FIX,NO_FIX,temperature_sensor,50.7°C > threshold 18.0°C
HIGH_TEMPERATURE,2026-04-07 23:50:59,NO_FIX,NO_FIX,temperature_sensor,51.2°C > threshold 18.0°C
HIGH_TEMPERATURE,2026-04-07 23:51:05,NO_FIX,NO_FIX,temperature_sensor,51.2°C > threshold 18.0°C
HIGH_TEMPERATURE,2026-04-07 23:51:12,NO_FIX,NO_FIX,temperature_sensor,51.1°C > threshold 18.0°C
HIGH_TEMPERATURE,2026-04-08 00:04:40,NO_FIX,NO_FIX,temperature_sensor,50.6°C > threshold 18.0°C
HIGH_TEMPERATURE,2026-04-08 00:04:47,NO_FIX,NO_FIX,temperature_sensor,50.2°C > threshold 18.0°C
HIGH_TEMPERATURE,2026-04-08 00:06:50,NO_FIX,NO_FIX,temperature_sensor,50.7°C > threshold 18.0°C
HIGH_TEMPERATURE,2026-04-08 00:06:56,NO_FIX,NO_FIX,temperature_sensor,50.4°C > threshold 18.0°C
HIGH_TEMPERATURE,2026-04-08 00:07:44,NO_FIX,NO_FIX,temperature_sensor,51.1°C > threshold 18.0°C
HIGH_TEMPERATURE,2026-04-08 00:07:50,NO_FIX,NO_FIX,temperature_sensor,51.4°C > threshold 18.0°C
HEAD_DISTRACTION,2026-04-08 00:07:50,NO_FIX,NO_FIX,driver_camera,Yaw=-8671.2°
HEAD_DISTRACTION,2026-04-08 00:07:55,NO_FIX,NO_FIX,driver_camera,Yaw=-8830.5°
HIGH_TEMPERATURE,2026-04-08 00:07:56,NO_FIX,NO_FIX,temperature_sensor,52.1°C > threshold 18.0°C
HEAD_DISTRACTION,2026-04-08 00:08:00,NO_FIX,NO_FIX,driver_camera,Yaw=406.4°
HIGH_TEMPERATURE,2026-04-08 00:08:02,NO_FIX,NO_FIX,temperature_sensor,52.2°C > threshold 18.0°C
PERSON_IN_CARGO,2026-04-08 00:08:04,NO_FIX,NO_FIX,cargo_camera,conf=0.88
HIGH_TEMPERATURE,2026-04-08 00:08:09,NO_FIX,NO_FIX,temperature_sensor,52.6°C > threshold 18.0°C
PERSON_IN_CARGO,2026-04-08 00:08:09,NO_FIX,NO_FIX,cargo_camera,conf=0.88
PERSON_IN_CARGO,2026-04-08 00:08:14,NO_FIX,NO_FIX,cargo_camera,conf=0.83
HIGH_TEMPERATURE,2026-04-08 00:08:15,NO_FIX,NO_FIX,temperature_sensor,52.5°C > threshold 18.0°C
PERSON_IN_CARGO,2026-04-08 00:08:19,NO_FIX,NO_FIX,cargo_camera,conf=0.87
HIGH_TEMPERATURE,2026-04-08 00:08:21,NO_FIX,NO_FIX,temperature_sensor,52.5°C > threshold 18.0°C
PERSON_IN_CARGO,2026-04-08 00:08:24,NO_FIX,NO_FIX,cargo_camera,conf=0.86
HEAD_DISTRACTION,2026-04-08 00:08:26,NO_FIX,NO_FIX,driver_camera,Yaw=-10465.3°
HIGH_TEMPERATURE,2026-04-08 00:08:27,NO_FIX,NO_FIX,temperature_sensor,52.8°C > threshold 18.0°C
HEAD_DISTRACTION,2026-04-08 00:08:31,NO_FIX,NO_FIX,driver_camera,Yaw=11561.8°
HIGH_TEMPERATURE,2026-04-08 00:08:34,NO_FIX,NO_FIX,temperature_sensor,53.1°C > threshold 18.0°C
PERSON_IN_CARGO,2026-04-08 00:08:37,NO_FIX,NO_FIX,cargo_camera,conf=0.89
HIGH_TEMPERATURE,2026-04-08 00:08:40,NO_FIX,NO_FIX,temperature_sensor,53.1°C > threshold 18.0°C
PERSON_IN_CARGO,2026-04-08 00:08:42,NO_FIX,NO_FIX,cargo_camera,conf=0.90
HIGH_TEMPERATURE,2026-04-08 00:08:46,NO_FIX,NO_FIX,temperature_sensor,53.5°C > threshold 18.0°C
PERSON_IN_CARGO,2026-04-08 00:08:47,NO_FIX,NO_FIX,cargo_camera,conf=0.83
HIGH_TEMPERATURE,2026-04-08 00:08:52,NO_FIX,NO_FIX,temperature_sensor,53.6°C > threshold 18.0°C
PERSON_IN_CARGO,2026-04-08 00:08:53,NO_FIX,NO_FIX,cargo_camera,conf=0.91
HIGH_TEMPERATURE,2026-04-08 00:08:54,NO_FIX,NO_FIX,temperature_sensor,53.8°C > threshold 18.0°C
HEAD_DISTRACTION,2026-04-08 00:08:58,NO_FIX,NO_FIX,driver_camera,Yaw=382.3°
HIGH_TEMPERATURE,2026-04-08 00:09:03,NO_FIX,NO_FIX,temperature_sensor,53.8°C > threshold 18.0°C
HEAD_DISTRACTION,2026-04-08 00:09:03,NO_FIX,NO_FIX,driver_camera,Yaw=4205.9°
HEAD_DISTRACTION,2026-04-08 00:09:08,NO_FIX,NO_FIX,driver_camera,Yaw=4659.7°
HIGH_TEMPERATURE,2026-04-08 00:09:09,NO_FIX,NO_FIX,temperature_sensor,53.8°C > threshold 18.0°C
HEAD_DISTRACTION,2026-04-08 00:09:13,NO_FIX,NO_FIX,driver_camera,Yaw=4585.7°
HIGH_TEMPERATURE,2026-04-08 00:09:15,NO_FIX,NO_FIX,temperature_sensor,54.1°C > threshold 18.0°C
HEAD_DISTRACTION,2026-04-08 00:09:19,NO_FIX,NO_FIX,driver_camera,Yaw=-14945.8°
HIGH_TEMPERATURE,2026-04-08 00:09:22,NO_FIX,NO_FIX,temperature_sensor,54.1°C > threshold 18.0°C
HEAD_DISTRACTION,2026-04-08 00:09:24,NO_FIX,NO_FIX,driver_camera,Yaw=-2731.0°
HIGH_TEMPERATURE,2026-04-08 00:09:28,NO_FIX,NO_FIX,temperature_sensor,54.6°C > threshold 18.0°C
HEAD_DISTRACTION,2026-04-08 00:09:29,NO_FIX,NO_FIX,driver_camera,Yaw=1572.2°
HIGH_TEMPERATURE,2026-04-08 00:09:34,NO_FIX,NO_FIX,temperature_sensor,54.1°C > threshold 18.0°C
HEAD_DISTRACTION,2026-04-08 00:09:34,NO_FIX,NO_FIX,driver_camera,Yaw=-4297.5°
HEAD_DISTRACTION,2026-04-08 00:09:40,NO_FIX,NO_FIX,driver_camera,Yaw=-254.9°
HIGH_TEMPERATURE,2026-04-08 00:09:40,NO_FIX,NO_FIX,temperature_sensor,54.4°C > threshold 18.0°C
HEAD_DISTRACTION,2026-04-08 00:09:45,NO_FIX,NO_FIX,driver_camera,Yaw=-3965.1°
HIGH_TEMPERATURE,2026-04-08 00:09:47,NO_FIX,NO_FIX,temperature_sensor,54.7°C > threshold 18.0°C
HEAD_DISTRACTION,2026-04-08 00:09:50,NO_FIX,NO_FIX,driver_camera,Yaw=-3529.1°
HIGH_TEMPERATURE,2026-04-08 00:09:53,NO_FIX,NO_FIX,temperature_sensor,54.6°C > threshold 18.0°C
HEAD_DISTRACTION,2026-04-08 00:09:55,NO_FIX,NO_FIX,driver_camera,Yaw=1983.8°
HIGH_TEMPERATURE,2026-04-08 00:09:59,NO_FIX,NO_FIX,temperature_sensor,54.4°C > threshold 18.0°C
HEAD_DISTRACTION,2026-04-08 00:10:01,NO_FIX,NO_FIX,driver_camera,Yaw=1839.9°
HIGH_TEMPERATURE,2026-04-08 00:10:05,NO_FIX,NO_FIX,temperature_sensor,54.8°C > threshold 18.0°C
HEAD_DISTRACTION,2026-04-08 00:10:06,NO_FIX,NO_FIX,driver_camera,Yaw=1835.4°
HEAD_DISTRACTION,2026-04-08 00:10:11,NO_FIX,NO_FIX,driver_camera,Yaw=1395.1°
HIGH_TEMPERATURE,2026-04-08 00:10:12,NO_FIX,NO_FIX,temperature_sensor,54.8°C > threshold 18.0°C
HEAD_DISTRACTION,2026-04-08 00:10:16,NO_FIX,NO_FIX,driver_camera,Yaw=5679.7°
HIGH_TEMPERATURE,2026-04-08 00:10:18,NO_FIX,NO_FIX,temperature_sensor,54.6°C > threshold 18.0°C
HEAD_DISTRACTION,2026-04-08 00:10:21,NO_FIX,NO_FIX,driver_camera,Yaw=5736.1°
HIGH_TEMPERATURE,2026-04-08 00:10:24,NO_FIX,NO_FIX,temperature_sensor,54.6°C > threshold 18.0°C
HEAD_DISTRACTION,2026-04-08 00:10:26,NO_FIX,NO_FIX,driver_camera,Yaw=4710.4°
HIGH_TEMPERATURE,2026-04-08 00:10:30,NO_FIX,NO_FIX,temperature_sensor,54.7°C > threshold 18.0°C
HEAD_DISTRACTION,2026-04-08 00:10:31,NO_FIX,NO_FIX,driver_camera,Yaw=-7791.2°
HIGH_TEMPERATURE,2026-04-08 00:10:37,NO_FIX,NO_FIX,temperature_sensor,54.5°C > threshold 18.0°C
HEAD_DISTRACTION,2026-04-08 00:10:37,NO_FIX,NO_FIX,driver_camera,Yaw=5940.3°
PERSON_IN_CARGO,2026-04-08 00:10:40,NO_FIX,NO_FIX,cargo_camera,conf=0.80
HEAD_DISTRACTION,2026-04-08 00:10:42,NO_FIX,NO_FIX,driver_camera,Yaw=5614.9°
HIGH_TEMPERATURE,2026-04-08 00:10:43,NO_FIX,NO_FIX,temperature_sensor,54.8°C > threshold 18.0°C
HEAD_DISTRACTION,2026-04-08 00:10:47,NO_FIX,NO_FIX,driver_camera,Yaw=-4195.3°
HIGH_TEMPERATURE,2026-04-08 00:10:49,NO_FIX,NO_FIX,temperature_sensor,55.3°C > threshold 18.0°C
HEAD_DISTRACTION,2026-04-08 00:10:52,NO_FIX,NO_FIX,driver_camera,Yaw=-3025.1°
HIGH_TEMPERATURE,2026-04-08 00:10:55,NO_FIX,NO_FIX,temperature_sensor,55.1°C > threshold 18.0°C
HEAD_DISTRACTION,2026-04-08 00:10:57,NO_FIX,NO_FIX,driver_camera,Yaw=9087.1°
HIGH_TEMPERATURE,2026-04-08 00:11:02,NO_FIX,NO_FIX,temperature_sensor,54.8°C > threshold 18.0°C
HEAD_DISTRACTION,2026-04-08 00:11:02,NO_FIX,NO_FIX,driver_camera,Yaw=-1697.8°
HEAD_DISTRACTION,2026-04-08 00:11:07,NO_FIX,NO_FIX,driver_camera,Yaw=2209.1°
HIGH_TEMPERATURE,2026-04-08 00:11:08,NO_FIX,NO_FIX,temperature_sensor,55.1°C > threshold 18.0°C
HEAD_DISTRACTION,2026-04-08 00:11:13,NO_FIX,NO_FIX,driver_camera,Yaw=-3844.6°
HIGH_TEMPERATURE,2026-04-08 00:11:14,NO_FIX,NO_FIX,temperature_sensor,55.2°C > threshold 18.0°C
HEAD_DISTRACTION,2026-04-08 00:11:18,NO_FIX,NO_FIX,driver_camera,Yaw=-5664.4°
HIGH_TEMPERATURE,2026-04-08 00:11:20,NO_FIX,NO_FIX,temperature_sensor,55.2°C > threshold 18.0°C
HEAD_DISTRACTION,2026-04-08 00:11:23,NO_FIX,NO_FIX,driver_camera,Yaw=5855.8°
HIGH_TEMPERATURE,2026-04-08 00:11:27,NO_FIX,NO_FIX,temperature_sensor,55.0°C > threshold 18.0°C
HEAD_DISTRACTION,2026-04-08 00:11:28,NO_FIX,NO_FIX,driver_camera,Yaw=4493.0°
HIGH_TEMPERATURE,2026-04-08 00:11:33,NO_FIX,NO_FIX,temperature_sensor,55.2°C > threshold 18.0°C
HEAD_DISTRACTION,2026-04-08 00:11:33,NO_FIX,NO_FIX,driver_camera,Yaw=-2454.1°
HEAD_DISTRACTION,2026-04-08 00:11:38,NO_FIX,NO_FIX,driver_camera,Yaw=-3329.7°
HIGH_TEMPERATURE,2026-04-08 00:11:39,NO_FIX,NO_FIX,temperature_sensor,55.0°C > threshold 18.0°C
HEAD_DISTRACTION,2026-04-08 00:11:43,NO_FIX,NO_FIX,driver_camera,Yaw=-4260.7°
HIGH_TEMPERATURE,2026-04-08 00:11:46,NO_FIX,NO_FIX,temperature_sensor,55.0°C > threshold 18.0°C
HEAD_DISTRACTION,2026-04-08 00:11:49,NO_FIX,NO_FIX,driver_camera,Yaw=2653.4°
HIGH_TEMPERATURE,2026-04-08 00:11:52,NO_FIX,NO_FIX,temperature_sensor,55.1°C > threshold 18.0°C
HEAD_DISTRACTION,2026-04-08 00:11:54,NO_FIX,NO_FIX,driver_camera,Yaw=-2311.9°
HIGH_TEMPERATURE,2026-04-08 00:11:58,NO_FIX,NO_FIX,temperature_sensor,55.1°C > threshold 18.0°C
HEAD_DISTRACTION,2026-04-08 00:11:59,NO_FIX,NO_FIX,driver_camera,Yaw=-4589.2°
HIGH_TEMPERATURE,2026-04-08 00:12:04,NO_FIX,NO_FIX,temperature_sensor,55.6°C > threshold 18.0°C
HEAD_DISTRACTION,2026-04-08 00:12:05,NO_FIX,NO_FIX,driver_camera,Yaw=1393.2°
HEAD_DISTRACTION,2026-04-08 00:12:10,NO_FIX,NO_FIX,driver_camera,Yaw=66.2°
HIGH_TEMPERATURE,2026-04-08 00:12:11,NO_FIX,NO_FIX,temperature_sensor,55.2°C > threshold 18.0°C
HEAD_DISTRACTION,2026-04-08 00:12:15,NO_FIX,NO_FIX,driver_camera,Yaw=-1494.6°
HIGH_TEMPERATURE,2026-04-08 00:12:17,NO_FIX,NO_FIX,temperature_sensor,55.7°C > threshold 18.0°C
HEAD_DISTRACTION,2026-04-08 00:12:20,NO_FIX,NO_FIX,driver_camera,Yaw=-10990.2°
HIGH_TEMPERATURE,2026-04-08 00:12:23,NO_FIX,NO_FIX,temperature_sensor,55.5°C > threshold 18.0°C
HEAD_DISTRACTION,2026-04-08 00:12:25,NO_FIX,NO_FIX,driver_camera,Yaw=-10659.9°
HIGH_TEMPERATURE,2026-04-08 00:12:29,NO_FIX,NO_FIX,temperature_sensor,55.2°C > threshold 18.0°C
HEAD_DISTRACTION,2026-04-08 00:12:31,NO_FIX,NO_FIX,driver_camera,Yaw=51.2°
HIGH_TEMPERATURE,2026-04-08 00:12:36,NO_FIX,NO_FIX,temperature_sensor,55.1°C > threshold 18.0°C
HEAD_DISTRACTION,2026-04-08 00:12:36,NO_FIX,NO_FIX,driver_camera,Yaw=-2160.9°
HEAD_DISTRACTION,2026-04-08 00:12:41,NO_FIX,NO_FIX,driver_camera,Yaw=6572.3°
HIGH_TEMPERATURE,2026-04-08 00:12:42,NO_FIX,NO_FIX,temperature_sensor,55.4°C > threshold 18.0°C
HEAD_DISTRACTION,2026-04-08 00:12:46,NO_FIX,NO_FIX,driver_camera,Yaw=-235.7°
HIGH_TEMPERATURE,2026-04-08 00:12:48,NO_FIX,NO_FIX,temperature_sensor,55.2°C > threshold 18.0°C
HEAD_DISTRACTION,2026-04-08 00:12:51,NO_FIX,NO_FIX,driver_camera,Yaw=-6048.1°
HIGH_TEMPERATURE,2026-04-08 00:12:54,NO_FIX,NO_FIX,temperature_sensor,55.6°C > threshold 18.0°C
HEAD_DISTRACTION,2026-04-08 00:12:57,NO_FIX,NO_FIX,driver_camera,Yaw=-3111.1°
HIGH_TEMPERATURE,2026-04-08 00:13:01,NO_FIX,NO_FIX,temperature_sensor,55.3°C > threshold 18.0°C
HEAD_DISTRACTION,2026-04-08 00:13:02,NO_FIX,NO_FIX,driver_camera,Yaw=-3138.7°
HIGH_TEMPERATURE,2026-04-08 00:13:07,NO_FIX,NO_FIX,temperature_sensor,55.3°C > threshold 18.0°C
HEAD_DISTRACTION,2026-04-08 00:13:07,NO_FIX,NO_FIX,driver_camera,Yaw=-603.9°
HEAD_DISTRACTION,2026-04-08 00:13:12,NO_FIX,NO_FIX,driver_camera,Yaw=-8376.4°
HIGH_TEMPERATURE,2026-04-08 00:13:13,NO_FIX,NO_FIX,temperature_sensor,55.4°C > threshold 18.0°C
HEAD_DISTRACTION,2026-04-08 00:13:17,NO_FIX,NO_FIX,driver_camera,Yaw=-11653.6°
HIGH_TEMPERATURE,2026-04-08 00:13:19,NO_FIX,NO_FIX,temperature_sensor,55.1°C > threshold 18.0°C
HEAD_DISTRACTION,2026-04-08 00:13:23,NO_FIX,NO_FIX,driver_camera,Yaw=-5168.4°
HIGH_TEMPERATURE,2026-04-08 00:13:26,NO_FIX,NO_FIX,temperature_sensor,55.1°C > threshold 18.0°C
HIGH_TEMPERATURE,2026-04-08 00:15:13,NO_FIX,NO_FIX,temperature_sensor,51.9°C > threshold 18.0°C
HEAD_DISTRACTION,2026-04-08 00:15:15,NO_FIX,NO_FIX,driver_camera,Yaw=-7002.2°
HIGH_TEMPERATURE,2026-04-08 00:15:20,NO_FIX,NO_FIX,temperature_sensor,53.0°C > threshold 18.0°C
HEAD_DISTRACTION,2026-04-08 00:15:20,NO_FIX,NO_FIX,driver_camera,Yaw=2230.3°
HEAD_DISTRACTION,2026-04-08 00:15:26,NO_FIX,NO_FIX,driver_camera,Yaw=-9814.3°
HIGH_TEMPERATURE,2026-04-08 00:15:26,NO_FIX,NO_FIX,temperature_sensor,52.8°C > threshold 18.0°C
HIGH_TEMPERATURE,2026-04-08 00:17:07,NO_FIX,NO_FIX,temperature_sensor,51.3°C > threshold 18.0°C
HEAD_DISTRACTION,2026-04-08 00:17:09,NO_FIX,NO_FIX,driver_camera,Yaw=-7688.0°
HIGH_TEMPERATURE,2026-04-08 00:17:14,NO_FIX,NO_FIX,temperature_sensor,52.3°C > threshold 18.0°C
HEAD_DISTRACTION,2026-04-08 00:17:14,NO_FIX,NO_FIX,driver_camera,Yaw=-248.2°
HEAD_DISTRACTION,2026-04-08 00:17:19,NO_FIX,NO_FIX,driver_camera,Yaw=1952.5°
HIGH_TEMPERATURE,2026-04-08 00:17:20,NO_FIX,NO_FIX,temperature_sensor,52.6°C > threshold 18.0°C
HEAD_DISTRACTION,2026-04-08 00:17:25,NO_FIX,NO_FIX,driver_camera,Yaw=-3743.9°
HIGH_TEMPERATURE,2026-04-08 00:17:26,NO_FIX,NO_FIX,temperature_sensor,52.8°C > threshold 18.0°C
HEAD_DISTRACTION,2026-04-08 00:17:30,NO_FIX,NO_FIX,driver_camera,Yaw=-3785.1°
HIGH_TEMPERATURE,2026-04-08 00:17:32,NO_FIX,NO_FIX,temperature_sensor,52.6°C > threshold 18.0°C
HEAD_DISTRACTION,2026-04-08 00:17:35,NO_FIX,NO_FIX,driver_camera,Yaw=-3879.9°
HIGH_TEMPERATURE,2026-04-08 00:17:39,NO_FIX,NO_FIX,temperature_sensor,53.0°C > threshold 18.0°C
HEAD_DISTRACTION,2026-04-08 00:17:40,NO_FIX,NO_FIX,driver_camera,Yaw=-1358.5°
HIGH_TEMPERATURE,2026-04-08 00:17:45,NO_FIX,NO_FIX,temperature_sensor,53.0°C > threshold 18.0°C
HEAD_DISTRACTION,2026-04-08 00:17:45,NO_FIX,NO_FIX,driver_camera,Yaw=-497.2°
HEAD_DISTRACTION,2026-04-08 00:17:50,NO_FIX,NO_FIX,driver_camera,Yaw=8979.6°
HIGH_TEMPERATURE,2026-04-08 00:17:51,NO_FIX,NO_FIX,temperature_sensor,53.3°C > threshold 18.0°C
HEAD_DISTRACTION,2026-04-08 00:17:56,NO_FIX,NO_FIX,driver_camera,Yaw=14357.3°
HIGH_TEMPERATURE,2026-04-08 00:17:57,NO_FIX,NO_FIX,temperature_sensor,53.4°C > threshold 18.0°C
HEAD_DISTRACTION,2026-04-08 00:18:01,NO_FIX,NO_FIX,driver_camera,Yaw=19328.1°
HIGH_TEMPERATURE,2026-04-08 00:18:04,NO_FIX,NO_FIX,temperature_sensor,53.5°C > threshold 18.0°C
HEAD_DISTRACTION,2026-04-08 00:18:06,NO_FIX,NO_FIX,driver_camera,Yaw=9923.3°
HIGH_TEMPERATURE,2026-04-08 00:18:10,NO_FIX,NO_FIX,temperature_sensor,53.8°C > threshold 18.0°C
HEAD_DISTRACTION,2026-04-08 00:18:11,NO_FIX,NO_FIX,driver_camera,Yaw=5528.9°
HIGH_TEMPERATURE,2026-04-08 00:18:16,NO_FIX,NO_FIX,temperature_sensor,53.9°C > threshold 18.0°C
HEAD_DISTRACTION,2026-04-08 00:18:17,NO_FIX,NO_FIX,driver_camera,Yaw=8224.2°
HEAD_DISTRACTION,2026-04-08 00:18:22,NO_FIX,NO_FIX,driver_camera,Yaw=-4852.7°
HIGH_TEMPERATURE,2026-04-08 00:18:22,NO_FIX,NO_FIX,temperature_sensor,54.4°C > threshold 18.0°C
HEAD_DISTRACTION,2026-04-08 00:18:27,NO_FIX,NO_FIX,driver_camera,Yaw=5239.1°
HIGH_TEMPERATURE,2026-04-08 00:18:29,NO_FIX,NO_FIX,temperature_sensor,54.2°C > threshold 18.0°C
PERSON_IN_CARGO,2026-04-08 00:18:31,NO_FIX,NO_FIX,cargo_camera,conf=0.90
HIGH_TEMPERATURE,2026-04-08 00:18:35,NO_FIX,NO_FIX,temperature_sensor,54.1°C > threshold 18.0°C
PERSON_IN_CARGO,2026-04-08 00:18:36,NO_FIX,NO_FIX,cargo_camera,conf=0.90
PERSON_IN_CARGO,2026-04-08 00:18:41,NO_FIX,NO_FIX,cargo_camera,conf=0.87
HIGH_TEMPERATURE,2026-04-08 00:18:41,NO_FIX,NO_FIX,temperature_sensor,54.5°C > threshold 18.0°C
PERSON_IN_CARGO,2026-04-08 00:18:47,NO_FIX,NO_FIX,cargo_camera,conf=0.86
HIGH_TEMPERATURE,2026-04-08 00:18:48,NO_FIX,NO_FIX,temperature_sensor,54.4°C > threshold 18.0°C
PERSON_IN_CARGO,2026-04-08 00:18:52,NO_FIX,NO_FIX,cargo_camera,conf=0.89
HIGH_TEMPERATURE,2026-04-08 00:18:54,NO_FIX,NO_FIX,temperature_sensor,54.6°C > threshold 18.0°C
PERSON_IN_CARGO,2026-04-08 00:18:57,NO_FIX,NO_FIX,cargo_camera,conf=0.92
HIGH_TEMPERATURE,2026-04-08 00:19:00,NO_FIX,NO_FIX,temperature_sensor,54.4°C > threshold 18.0°C
PERSON_IN_CARGO,2026-04-08 00:19:03,NO_FIX,NO_FIX,cargo_camera,conf=0.93
HIGH_TEMPERATURE,2026-04-08 00:19:06,NO_FIX,NO_FIX,temperature_sensor,54.8°C > threshold 18.0°C
PERSON_IN_CARGO,2026-04-08 00:19:08,NO_FIX,NO_FIX,cargo_camera,conf=0.92
HIGH_TEMPERATURE,2026-04-08 00:19:13,NO_FIX,NO_FIX,temperature_sensor,54.9°C > threshold 18.0°C
PERSON_IN_CARGO,2026-04-08 00:19:13,NO_FIX,NO_FIX,cargo_camera,conf=0.94
HIGH_TEMPERATURE,2026-04-08 00:19:19,NO_FIX,NO_FIX,temperature_sensor,54.7°C > threshold 18.0°C
PERSON_IN_CARGO,2026-04-08 00:19:19,NO_FIX,NO_FIX,cargo_camera,conf=0.92
PERSON_IN_CARGO,2026-04-08 00:19:25,NO_FIX,NO_FIX,cargo_camera,conf=0.93
HIGH_TEMPERATURE,2026-04-08 00:19:25,NO_FIX,NO_FIX,temperature_sensor,54.8°C > threshold 18.0°C
PERSON_IN_CARGO,2026-04-08 00:19:30,NO_FIX,NO_FIX,cargo_camera,conf=0.93
HIGH_TEMPERATURE,2026-04-08 00:19:31,NO_FIX,NO_FIX,temperature_sensor,55.0°C > threshold 18.0°C
PERSON_IN_CARGO,2026-04-08 00:19:35,NO_FIX,NO_FIX,cargo_camera,conf=0.87
HIGH_TEMPERATURE,2026-04-08 00:19:38,NO_FIX,NO_FIX,temperature_sensor,55.5°C > threshold 18.0°C
PERSON_IN_CARGO,2026-04-08 00:19:41,NO_FIX,NO_FIX,cargo_camera,conf=0.94
HIGH_TEMPERATURE,2026-04-08 00:19:44,NO_FIX,NO_FIX,temperature_sensor,55.3°C > threshold 18.0°C
HEAD_DISTRACTION,2026-04-08 00:19:45,NO_FIX,NO_FIX,driver_camera,Yaw=4448.3°
HIGH_TEMPERATURE,2026-04-08 00:19:50,NO_FIX,NO_FIX,temperature_sensor,54.9°C > threshold 18.0°C
HIGH_TEMPERATURE,2026-04-08 00:20:18,NO_FIX,NO_FIX,temperature_sensor,53.4°C > threshold 18.0°C
PHONE_DETECTED,2026-04-08 00:20:22,NO_FIX,NO_FIX,driver_camera,conf=0.63
HIGH_TEMPERATURE,2026-04-08 00:20:24,NO_FIX,NO_FIX,temperature_sensor,54.3°C > threshold 18.0°C
HIGH_TEMPERATURE,2026-04-08 00:20:31,NO_FIX,NO_FIX,temperature_sensor,54.1°C > threshold 18.0°C
HIGH_TEMPERATURE,2026-04-08 00:20:37,NO_FIX,NO_FIX,temperature_sensor,54.5°C > threshold 18.0°C
PERSON_IN_CARGO,2026-04-08 00:20:39,NO_FIX,NO_FIX,cargo_camera,conf=0.74
HIGH_TEMPERATURE,2026-04-08 00:20:43,NO_FIX,NO_FIX,temperature_sensor,54.7°C > threshold 18.0°C
PERSON_IN_CARGO,2026-04-08 00:20:44,NO_FIX,NO_FIX,cargo_camera,conf=0.55
HIGH_TEMPERATURE,2026-04-08 00:20:49,NO_FIX,NO_FIX,temperature_sensor,54.9°C > threshold 18.0°C
HIGH_TEMPERATURE,2026-04-08 00:20:56,NO_FIX,NO_FIX,temperature_sensor,54.8°C > threshold 18.0°C
PERSON_IN_CARGO,2026-04-08 00:21:01,NO_FIX,NO_FIX,cargo_camera,conf=0.63
HIGH_TEMPERATURE,2026-04-08 00:21:02,NO_FIX,NO_FIX,temperature_sensor,54.9°C > threshold 18.0°C
CARGO_OBJECT_MISSING,2026-04-08 00:21:05,NO_FIX,NO_FIX,cargo_camera,laptop expected:1 seen:0
HIGH_TEMPERATURE,2026-04-08 00:21:08,NO_FIX,NO_FIX,temperature_sensor,55.3°C > threshold 18.0°C
CARGO_OBJECT_MISSING,2026-04-08 00:21:10,NO_FIX,NO_FIX,cargo_camera,laptop expected:1 seen:0
HIGH_TEMPERATURE,2026-04-08 00:21:14,NO_FIX,NO_FIX,temperature_sensor,54.9°C > threshold 18.0°C
CARGO_OBJECT_MISSING,2026-04-08 00:21:15,NO_FIX,NO_FIX,cargo_camera,laptop expected:1 seen:0
PERSON_IN_CARGO,2026-04-08 00:21:19,NO_FIX,NO_FIX,cargo_camera,conf=0.64
HIGH_TEMPERATURE,2026-04-08 00:21:21,NO_FIX,NO_FIX,temperature_sensor,54.8°C > threshold 18.0°C
CARGO_OBJECT_MISSING,2026-04-08 00:21:21,NO_FIX,NO_FIX,cargo_camera,laptop expected:1 seen:0
CARGO_OBJECT_MISSING,2026-04-08 00:21:26,NO_FIX,NO_FIX,cargo_camera,laptop expected:1 seen:0
HIGH_TEMPERATURE,2026-04-08 00:21:27,NO_FIX,NO_FIX,temperature_sensor,55.1°C > threshold 18.0°C
PERSON_IN_CARGO,2026-04-08 00:21:27,NO_FIX,NO_FIX,cargo_camera,conf=0.52
CARGO_OBJECT_MISSING,2026-04-08 00:21:31,NO_FIX,NO_FIX,cargo_camera,laptop expected:1 seen:0
HIGH_TEMPERATURE,2026-04-08 00:21:33,NO_FIX,NO_FIX,temperature_sensor,54.7°C > threshold 18.0°C
CARGO_OBJECT_MISSING,2026-04-08 00:21:36,NO_FIX,NO_FIX,cargo_camera,laptop expected:1 seen:0
PERSON_IN_CARGO,2026-04-08 00:21:39,NO_FIX,NO_FIX,cargo_camera,conf=0.69
HIGH_TEMPERATURE,2026-04-08 00:21:39,NO_FIX,NO_FIX,temperature_sensor,54.9°C > threshold 18.0°C
CARGO_OBJECT_MISSING,2026-04-08 00:21:41,NO_FIX,NO_FIX,cargo_camera,laptop expected:1 seen:0
PERSON_IN_CARGO,2026-04-08 00:21:45,NO_FIX,NO_FIX,cargo_camera,conf=0.52
HIGH_TEMPERATURE,2026-04-08 00:21:46,NO_FIX,NO_FIX,temperature_sensor,54.9°C > threshold 18.0°C
CARGO_OBJECT_MISSING,2026-04-08 00:21:46,NO_FIX,NO_FIX,cargo_camera,laptop expected:1 seen:0
PERSON_IN_CARGO,2026-04-08 00:21:50,NO_FIX,NO_FIX,cargo_camera,conf=0.66
CARGO_OBJECT_MISSING,2026-04-08 00:21:52,NO_FIX,NO_FIX,cargo_camera,laptop expected:1 seen:0
HIGH_TEMPERATURE,2026-04-08 00:21:52,NO_FIX,NO_FIX,temperature_sensor,55.0°C > threshold 18.0°C
CARGO_OBJECT_MISSING,2026-04-08 00:21:57,NO_FIX,NO_FIX,cargo_camera,laptop expected:1 seen:0
HIGH_TEMPERATURE,2026-04-08 00:21:58,NO_FIX,NO_FIX,temperature_sensor,55.0°C > threshold 18.0°C
CARGO_OBJECT_MISSING,2026-04-08 00:22:02,NO_FIX,NO_FIX,cargo_camera,laptop expected:1 seen:0
HIGH_TEMPERATURE,2026-04-08 00:22:04,NO_FIX,NO_FIX,temperature_sensor,55.2°C > threshold 18.0°C
PERSON_IN_CARGO,2026-04-08 00:22:07,NO_FIX,NO_FIX,cargo_camera,conf=0.62
CARGO_OBJECT_MISSING,2026-04-08 00:22:07,NO_FIX,NO_FIX,cargo_camera,laptop expected:1 seen:0
HIGH_TEMPERATURE,2026-04-08 00:22:11,NO_FIX,NO_FIX,temperature_sensor,55.1°C > threshold 18.0°C
CARGO_OBJECT_MISSING,2026-04-08 00:22:13,NO_FIX,NO_FIX,cargo_camera,laptop expected:1 seen:0
HIGH_TEMPERATURE,2026-04-08 00:22:17,NO_FIX,NO_FIX,temperature_sensor,54.9°C > threshold 18.0°C
CARGO_OBJECT_MISSING,2026-04-08 00:22:18,NO_FIX,NO_FIX,cargo_camera,laptop expected:1 seen:0
PERSON_IN_CARGO,2026-04-08 00:22:20,NO_FIX,NO_FIX,cargo_camera,conf=0.68
HIGH_TEMPERATURE,2026-04-08 00:22:23,NO_FIX,NO_FIX,temperature_sensor,55.2°C > threshold 18.0°C
CARGO_OBJECT_MISSING,2026-04-08 00:22:23,NO_FIX,NO_FIX,cargo_camera,laptop expected:1 seen:0
PERSON_IN_CARGO,2026-04-08 00:22:27,NO_FIX,NO_FIX,cargo_camera,conf=0.56
CARGO_OBJECT_MISSING,2026-04-08 00:22:29,NO_FIX,NO_FIX,cargo_camera,laptop expected:1 seen:0
HIGH_TEMPERATURE,2026-04-08 00:22:29,NO_FIX,NO_FIX,temperature_sensor,54.9°C > threshold 18.0°C
CARGO_OBJECT_MISSING,2026-04-08 00:22:34,NO_FIX,NO_FIX,cargo_camera,laptop expected:1 seen:0
HIGH_TEMPERATURE,2026-04-08 00:22:36,NO_FIX,NO_FIX,temperature_sensor,55.4°C > threshold 18.0°C
CARGO_OBJECT_MISSING,2026-04-08 00:22:40,NO_FIX,NO_FIX,cargo_camera,laptop expected:1 seen:0
HIGH_TEMPERATURE,2026-04-08 00:22:42,NO_FIX,NO_FIX,temperature_sensor,55.0°C > threshold 18.0°C
HIGH_TEMPERATURE,2026-04-08 00:22:48,NO_FIX,NO_FIX,temperature_sensor,55.4°C > threshold 18.0°C
HIGH_TEMPERATURE,2026-04-08 00:22:54,NO_FIX,NO_FIX,temperature_sensor,55.3°C > threshold 18.0°C
HEAD_DISTRACTION,2026-04-08 00:22:55,NO_FIX,NO_FIX,driver_camera,Yaw=12306.0°
HIGH_TEMPERATURE,2026-04-08 00:23:01,NO_FIX,NO_FIX,temperature_sensor,54.9°C > threshold 18.0°C
HIGH_TEMPERATURE,2026-04-08 00:23:07,NO_FIX,NO_FIX,temperature_sensor,55.3°C > threshold 18.0°C
HIGH_TEMPERATURE,2026-04-08 00:23:13,NO_FIX,NO_FIX,temperature_sensor,55.1°C > threshold 18.0°C
HIGH_TEMPERATURE,2026-04-08 00:23:20,NO_FIX,NO_FIX,temperature_sensor,54.9°C > threshold 18.0°C
HIGH_TEMPERATURE,2026-04-08 00:23:26,NO_FIX,NO_FIX,temperature_sensor,55.0°C > threshold 18.0°C
HIGH_TEMPERATURE,2026-04-08 00:23:32,NO_FIX,NO_FIX,temperature_sensor,54.9°C > threshold 18.0°C
HIGH_TEMPERATURE,2026-04-08 00:23:38,NO_FIX,NO_FIX,temperature_sensor,55.0°C > threshold 18.0°C
HIGH_TEMPERATURE,2026-04-08 00:23:45,NO_FIX,NO_FIX,temperature_sensor,55.0°C > threshold 18.0°C
HIGH_TEMPERATURE,2026-04-08 00:23:51,NO_FIX,NO_FIX,temperature_sensor,55.4°C > threshold 18.0°C
HIGH_TEMPERATURE,2026-04-08 00:23:57,NO_FIX,NO_FIX,temperature_sensor,55.2°C > threshold 18.0°C
HIGH_TEMPERATURE,2026-04-08 00:24:03,NO_FIX,NO_FIX,temperature_sensor,55.3°C > threshold 18.0°C
HIGH_TEMPERATURE,2026-04-08 00:24:10,NO_FIX,NO_FIX,temperature_sensor,55.3°C > threshold 18.0°C
HEAD_DISTRACTION,2026-04-08 00:24:12,NO_FIX,NO_FIX,driver_camera,Yaw=26055.5°
HIGH_TEMPERATURE,2026-04-08 00:24:16,NO_FIX,NO_FIX,temperature_sensor,54.9°C > threshold 18.0°C
HIGH_TEMPERATURE,2026-04-08 00:24:22,NO_FIX,NO_FIX,temperature_sensor,55.2°C > threshold 18.0°C
HIGH_TEMPERATURE,2026-04-08 00:24:28,NO_FIX,NO_FIX,temperature_sensor,55.0°C > threshold 18.0°C
HIGH_TEMPERATURE,2026-04-08 00:24:35,NO_FIX,NO_FIX,temperature_sensor,55.1°C > threshold 18.0°C
HIGH_TEMPERATURE,2026-04-08 00:24:41,NO_FIX,NO_FIX,temperature_sensor,55.1°C > threshold 18.0°C
HIGH_TEMPERATURE,2026-04-08 00:24:47,NO_FIX,NO_FIX,temperature_sensor,55.2°C > threshold 18.0°C
HIGH_TEMPERATURE,2026-04-08 00:24:53,NO_FIX,NO_FIX,temperature_sensor,54.9°C > threshold 18.0°C
HIGH_TEMPERATURE,2026-04-08 00:25:00,NO_FIX,NO_FIX,temperature_sensor,55.2°C > threshold 18.0°C
HIGH_TEMPERATURE,2026-04-08 00:25:06,NO_FIX,NO_FIX,temperature_sensor,55.2°C > threshold 18.0°C
HIGH_TEMPERATURE,2026-04-08 00:25:12,NO_FIX,NO_FIX,temperature_sensor,55.6°C > threshold 18.0°C
HIGH_TEMPERATURE,2026-04-08 00:25:18,NO_FIX,NO_FIX,temperature_sensor,55.4°C > threshold 18.0°C
HIGH_TEMPERATURE,2026-04-08 00:25:25,NO_FIX,NO_FIX,temperature_sensor,55.4°C > threshold 18.0°C
HIGH_TEMPERATURE,2026-04-08 00:25:31,NO_FIX,NO_FIX,temperature_sensor,55.0°C > threshold 18.0°C
HIGH_TEMPERATURE,2026-04-08 00:25:37,NO_FIX,NO_FIX,temperature_sensor,55.3°C > threshold 18.0°C
HIGH_TEMPERATURE,2026-04-08 00:25:43,NO_FIX,NO_FIX,temperature_sensor,55.2°C > threshold 18.0°C
HIGH_TEMPERATURE,2026-04-08 00:25:50,NO_FIX,NO_FIX,temperature_sensor,55.0°C > threshold 18.0°C
HIGH_TEMPERATURE,2026-04-08 00:25:56,NO_FIX,NO_FIX,temperature_sensor,55.2°C > threshold 18.0°C
HIGH_TEMPERATURE,2026-04-08 00:26:03,NO_FIX,NO_FIX,temperature_sensor,55.1°C > threshold 18.0°C
HIGH_TEMPERATURE,2026-04-08 00:26:09,NO_FIX,NO_FIX,temperature_sensor,55.1°C > threshold 18.0°C
HIGH_TEMPERATURE,2026-04-08 00:26:15,NO_FIX,NO_FIX,temperature_sensor,55.0°C > threshold 18.0°C
HIGH_TEMPERATURE,2026-04-08 00:26:21,NO_FIX,NO_FIX,temperature_sensor,55.1°C > threshold 18.0°C
HIGH_TEMPERATURE,2026-04-08 00:26:28,NO_FIX,NO_FIX,temperature_sensor,54.9°C > threshold 18.0°C
HIGH_TEMPERATURE,2026-04-08 00:26:34,NO_FIX,NO_FIX,temperature_sensor,55.0°C > threshold 18.0°C
HIGH_TEMPERATURE,2026-04-08 00:26:40,NO_FIX,NO_FIX,temperature_sensor,55.1°C > threshold 18.0°C
HIGH_TEMPERATURE,2026-04-08 00:26:46,NO_FIX,NO_FIX,temperature_sensor,55.4°C > threshold 18.0°C
HIGH_TEMPERATURE,2026-04-08 00:26:53,NO_FIX,NO_FIX,temperature_sensor,55.3°C > threshold 18.0°C
HIGH_TEMPERATURE,2026-04-08 00:26:59,NO_FIX,NO_FIX,temperature_sensor,55.3°C > threshold 18.0°C
HIGH_TEMPERATURE,2026-04-08 00:27:05,NO_FIX,NO_FIX,temperature_sensor,55.2°C > threshold 18.0°C
HIGH_TEMPERATURE,2026-04-08 00:27:11,NO_FIX,NO_FIX,temperature_sensor,55.3°C > threshold 18.0°C
